1,Bennie,Frankish,bfrankish0@ted.com,Male,115.71.90.5
2,Ruth,Leadbitter,rleadbitter1@mac.com,Female,77.174.42.7
3,Mort,Adiscot,madiscot2@webnode.com,Male,202.201.215.162
4,Ronnie,Mantripp,rmantripp3@cmu.edu,Female,250.219.28.243
5,Morganica,Deeth,mdeeth4@guardian.co.uk,Female,10.105.170.42
6,Annetta,Penner,apenner5@latimes.com,Female,244.204.235.83
7,Margarette,Grut,mgrut6@globo.com,Female,211.23.139.178
8,Rey,Aspey,raspey7@addthis.com,Female,68.189.23.144
9,Reeta,Offill,roffill8@sohu.com,Female,245.181.139.113
10,Libby,Threlfall,lthrelfall9@1und1.de,Female,104.123.179.10
11,Giavani,MacShane,gmacshanea@stanford.edu,Male,18.115.65.8
12,Ardra,Ronan,aronanb@princeton.edu,Female,177.158.96.212
13,Lurline,Thomel,lthomelc@economist.com,Female,243.212.52.2
14,Lorenza,Duffill,lduffilld@unicef.org,Female,203.63.60.86
15,Ottilie,Kempe,okempee@360.cn,Female,134.84.76.86
16,Hiram,Nodes,hnodesf@51.la,Male,18.244.250.201
17,Kev,Boocock,kboocockg@aboutads.info,Male,94.121.235.69
18,Alair,Rathmell,arathmellh@amazon.co.uk,Male,227.112.191.26
19,Uriah,Maddison,umaddisoni@com.com,Male,167.133.36.33
20,Casper,Catterell,ccatterellj@gov.uk,Male,67.232.94.188